Khu vực,Năm,Loại khu vực,Dân số
Hà Nội,2019,Thành thị,4000
Hà Nội,2020,Thành thị,4061
Hà Nội,2021,Thành thị,4095
Hà Nội,2022,Thành thị,4139
Hà Nội,2023,Thành thị,4213
Hà Nội,2024,Thành thị,4281
Hà Nội,2019,Nông thôn,4094
Hà Nội,2020,Nông thôn,4185
Hà Nội,2021,Nông thôn,4235
Hà Nội,2022,Nông thôn,4297
Hà Nội,2023,Nông thôn,4374
Hà Nội,2024,Nông thôn,4437
Vĩnh Phúc,2019,Thành thị,295
Vĩnh Phúc,2020,Thành thị,351
Vĩnh Phúc,2021,Thành thị,358
Vĩnh Phúc,2022,Thành thị,366
Vĩnh Phúc,2023,Thành thị,411
Vĩnh Phúc,2024,Thành thị,417
Vĩnh Phúc,2019,Nông thôn,860
Vĩnh Phúc,2020,Nông thôn,820
Vĩnh Phúc,2021,Nông thôn,833
Vĩnh Phúc,2022,Nông thôn,831
Vĩnh Phúc,2023,Nông thôn,800
Vĩnh Phúc,2024,Nông thôn,809
Bắc Ninh,2019,Thành thị,381
Bắc Ninh,2020,Thành thị,447
Bắc Ninh,2021,Thành thị,536
Bắc Ninh,2022,Thành thị,555
Bắc Ninh,2023,Thành thị,771
Bắc Ninh,2024,Thành thị,788
Bắc Ninh,2019,Nông thôn,998
Bắc Ninh,2020,Nông thôn,973
Bắc Ninh,2021,Nông thôn,927
Bắc Ninh,2022,Nông thôn,934
Bắc Ninh,2023,Nông thôn,747
Bắc Ninh,2024,Nông thôn,759
Quảng Ninh,2019,Thành thị,854
Quảng Ninh,2020,Thành thị,901
Quảng Ninh,2021,Thành thị,910
Quảng Ninh,2022,Thành thị,918
Quảng Ninh,2023,Thành thị,930
Quảng Ninh,2024,Thành thị,968
Quảng Ninh,2019,Nông thôn,471
Quảng Ninh,2020,Nông thôn,436
Quảng Ninh,2021,Nông thôn,441
Quảng Ninh,2022,Nông thôn,445
Quảng Ninh,2023,Nông thôn,451
Quảng Ninh,2024,Nông thôn,428
Hải Dương,2019,Thành thị,594
Hải Dương,2020,Thành thị,603
Hải Dương,2021,Thành thị,613
Hải Dương,2022,Thành thị,618
Hải Dương,2023,Thành thị,620
Hải Dương,2024,Thành thị,631
Hải Dương,2019,Nông thôn,1303
Hải Dương,2020,Nông thôn,1314
Hải Dương,2021,Nông thôn,1324
Hải Dương,2022,Nông thôn,1329
Hải Dương,2023,Nông thôn,1337
Hải Dương,2024,Nông thôn,1348
Hải Phòng,2019,Thành thị,927
Hải Phòng,2020,Thành thị,933
Hải Phòng,2021,Thành thị,943
Hải Phòng,2022,Thành thị,952
Hải Phòng,2023,Thành thị,961
Hải Phòng,2024,Thành thị,970
Hải Phòng,2019,Nông thôn,1106
Hải Phòng,2020,Nông thôn,1121
Hải Phòng,2021,Nông thôn,1129
Hải Phòng,2022,Nông thôn,1136
Hải Phòng,2023,Nông thôn,1144
Hải Phòng,2024,Nông thôn,1154
Hưng Yên,2019,Thành thị,207
Hưng Yên,2020,Thành thị,210
Hưng Yên,2021,Thành thị,214
Hưng Yên,2022,Thành thị,217
Hưng Yên,2023,Thành thị,221
Hưng Yên,2024,Thành thị,225
Hưng Yên,2019,Nông thôn,1048
Hưng Yên,2020,Nông thôn,1059
Hưng Yên,2021,Nông thôn,1071
Hưng Yên,2022,Nông thôn,1073
Hưng Yên,2023,Nông thôn,1080
Hưng Yên,2024,Nông thôn,1093
Thái Bình,2019,Thành thị,197
Thái Bình,2020,Thành thị,219
Thái Bình,2021,Thành thị,220
Thái Bình,2022,Thành thị,221
Thái Bình,2023,Thành thị,222
Thái Bình,2024,Thành thị,225
Thái Bình,2019,Nông thôn,1665
Thái Bình,2020,Nông thôn,1651
Thái Bình,2021,Nông thôn,1654
Thái Bình,2022,Nông thôn,1658
Thái Bình,2023,Nông thôn,1661
Thái Bình,2024,Nông thôn,1666
Hà Nam,2019,Thành thị,143
Hà Nam,2020,Thành thị,240
Hà Nam,2021,Thành thị,245
Hà Nam,2022,Thành thị,246
Hà Nam,2023,Thành thị,250
Hà Nam,2024,Thành thị,257
Hà Nam,2019,Nông thôn,711
Hà Nam,2020,Nông thôn,622
Hà Nam,2021,Nông thôn,630
Hà Nam,2022,Nông thôn,632
Hà Nam,2023,Nông thôn,636
Hà Nam,2024,Nông thôn,637
Nam Ðịnh,2019,Thành thị,324
Nam Ðịnh,2020,Thành thị,360
Nam Ðịnh,2021,Thành thị,372
Nam Ðịnh,2022,Thành thị,380
Nam Ðịnh,2023,Thành thị,385
Nam Ðịnh,2024,Thành thị,388
Nam Ðịnh,2019,Nông thôn,1457
Nam Ðịnh,2020,Nông thôn,1420
Nam Ðịnh,2021,Nông thôn,1465
Nam Ðịnh,2022,Nông thôn,1496
Nam Ðịnh,2023,Nông thôn,1502
Nam Ðịnh,2024,Nông thôn,1506
Ninh Bình,2019,Thành thị,208
Ninh Bình,2020,Thành thị,213
Ninh Bình,2021,Thành thị,217
Ninh Bình,2022,Thành thị,218
Ninh Bình,2023,Thành thị,221
Ninh Bình,2024,Thành thị,225
Ninh Bình,2019,Nông thôn,777
Ninh Bình,2020,Nông thôn,781
Ninh Bình,2021,Nông thôn,791
Ninh Bình,2022,Nông thôn,792
Ninh Bình,2023,Nông thôn,797
Ninh Bình,2024,Nông thôn,806
Hà Giang,2019,Thành thị,137
Hà Giang,2020,Thành thị,138
Hà Giang,2021,Thành thị,140
Hà Giang,2022,Thành thị,142
Hà Giang,2023,Thành thị,145
Hà Giang,2024,Thành thị,149
Hà Giang,2019,Nông thôn,721
Hà Giang,2020,Nông thôn,732
Hà Giang,2021,Nông thôn,747
Hà Giang,2022,Nông thôn,750
Hà Giang,2023,Nông thôn,755
Hà Giang,2024,Nông thôn,763
Cao Bằng,2019,Thành thị,124
Cao Bằng,2020,Thành thị,136
Cao Bằng,2021,Thành thị,138
Cao Bằng,2022,Thành thị,138
Cao Bằng,2023,Thành thị,140
Cao Bằng,2024,Thành thị,142
Cao Bằng,2019,Nông thôn,406
Cao Bằng,2020,Nông thôn,397
Cao Bằng,2021,Nông thôn,404
Cao Bằng,2022,Nông thôn,405
Cao Bằng,2023,Nông thôn,408
Cao Bằng,2024,Nông thôn,416
Bắc Kạn,2019,Thành thị,66
Bắc Kạn,2020,Thành thị,71
Bắc Kạn,2021,Thành thị,73
Bắc Kạn,2022,Thành thị,74
Bắc Kạn,2023,Thành thị,79
Bắc Kạn,2024,Thành thị,81
Bắc Kạn,2019,Nông thôn,249
Bắc Kạn,2020,Nông thôn,245
Bắc Kạn,2021,Nông thôn,251
Bắc Kạn,2022,Nông thôn,251
Bắc Kạn,2023,Nông thôn,248
Bắc Kạn,2024,Nông thôn,248
Tuyên Quang,2019,Thành thị,109
Tuyên Quang,2020,Thành thị,110
Tuyên Quang,2021,Thành thị,111
Tuyên Quang,2022,Thành thị,121
Tuyên Quang,2023,Thành thị,123
Tuyên Quang,2024,Thành thị,159
Tuyên Quang,2019,Nông thôn,678
Tuyên Quang,2020,Nông thôn,683
Tuyên Quang,2021,Nông thôn,690
Tuyên Quang,2022,Nông thôn,685
Tuyên Quang,2023,Nông thôn,689
Tuyên Quang,2024,Nông thôn,661
Lào Cai,2019,Thành thị,172
Lào Cai,2020,Thành thị,197
Lào Cai,2021,Thành thị,202
Lào Cai,2022,Thành thị,206
Lào Cai,2023,Thành thị,211
Lào Cai,2024,Thành thị,215
Lào Cai,2019,Nông thôn,562
Lào Cai,2020,Nông thôn,549
Lào Cai,2021,Nông thôn,560
Lào Cai,2022,Nông thôn,564
Lào Cai,2023,Nông thôn,569
Lào Cai,2024,Nông thôn,577
Yên Bái,2019,Thành thị,163
Yên Bái,2020,Thành thị,172
Yên Bái,2021,Thành thị,175
Yên Bái,2022,Thành thị,177
Yên Bái,2023,Thành thị,179
Yên Bái,2024,Thành thị,181
Yên Bái,2019,Nông thôn,660
Yên Bái,2020,Nông thôn,660
Yên Bái,2021,Nông thôn,668
Yên Bái,2022,Nông thôn,671
Yên Bái,2023,Nông thôn,676
Yên Bái,2024,Nông thôn,683
Thái Nguyên,2019,Thành thị,414
Thái Nguyên,2020,Thành thị,420
Thái Nguyên,2021,Thành thị,425
Thái Nguyên,2022,Thành thị,526
Thái Nguyên,2023,Thành thị,549
Thái Nguyên,2024,Thành thị,556
Thái Nguyên,2019,Nông thôn,877
Thái Nguyên,2020,Nông thôn,888
Thái Nguyên,2021,Nông thôn,898
Thái Nguyên,2022,Nông thôn,810
Thái Nguyên,2023,Nông thôn,801
Thái Nguyên,2024,Nông thôn,809
Lạng Sơn,2019,Thành thị,160
Lạng Sơn,2020,Thành thị,182
Lạng Sơn,2021,Thành thị,184
Lạng Sơn,2022,Thành thị,186
Lạng Sơn,2023,Thành thị,187
Lạng Sơn,2024,Thành thị,192
Lạng Sơn,2019,Nông thôn,622
Lạng Sơn,2020,Nông thôn,607
Lạng Sơn,2021,Nông thôn,613
Lạng Sơn,2022,Nông thôn,616
Lạng Sơn,2023,Nông thôn,620
Lạng Sơn,2024,Nông thôn,622
Bắc Giang,2019,Thành thị,207
Bắc Giang,2020,Thành thị,334
Bắc Giang,2021,Thành thị,342
Bắc Giang,2022,Thành thị,370
Bắc Giang,2023,Thành thị,379
Bắc Giang,2024,Thành thị,476
Bắc Giang,2019,Nông thôn,1603
Bắc Giang,2020,Nông thôn,1508
Bắc Giang,2021,Nông thôn,1534
Bắc Giang,2022,Nông thôn,1521
Bắc Giang,2023,Nông thôn,1543
Bắc Giang,2024,Nông thôn,1487
Phú Thọ,2019,Thành thị,269
Phú Thọ,2020,Thành thị,282
Phú Thọ,2021,Thành thị,288
Phú Thọ,2022,Thành thị,294
Phú Thọ,2023,Thành thị,297
Phú Thọ,2024,Thành thị,301
Phú Thọ,2019,Nông thôn,1197
Phú Thọ,2020,Nông thôn,1200
Phú Thọ,2021,Nông thôn,1220
Phú Thọ,2022,Nông thôn,1223
Phú Thọ,2023,Nông thôn,1234
Phú Thọ,2024,Nông thôn,1243
Ðiện Biên,2019,Thành thị,87
Ðiện Biên,2020,Thành thị,93
Ðiện Biên,2021,Thành thị,95
Ðiện Biên,2022,Thành thị,97
Ðiện Biên,2023,Thành thị,98
Ðiện Biên,2024,Thành thị,100
Ðiện Biên,2019,Nông thôn,515
Ðiện Biên,2020,Nông thôn,520
Ðiện Biên,2021,Nông thôn,530
Ðiện Biên,2022,Nông thôn,539
Ðiện Biên,2023,Nông thôn,548
Ðiện Biên,2024,Nông thôn,557
Lai Châu,2019,Thành thị,68
Lai Châu,2020,Thành thị,82
Lai Châu,2021,Thành thị,85
Lai Châu,2022,Thành thị,85
Lai Châu,2023,Thành thị,86
Lai Châu,2024,Thành thị,88
Lai Châu,2019,Nông thôn,395
Lai Châu,2020,Nông thôn,388
Lai Châu,2021,Nông thôn,394
Lai Châu,2022,Nông thôn,397
Lai Châu,2023,Nông thôn,403
Lai Châu,2024,Nông thôn,408
Sơn La,2019,Thành thị,174
Sơn La,2020,Thành thị,176
Sơn La,2021,Thành thị,180
Sơn La,2022,Thành thị,182
Sơn La,2023,Thành thị,186
Sơn La,2024,Thành thị,192
Sơn La,2019,Nông thôn,1079
Sơn La,2020,Nông thôn,1094
Sơn La,2021,Nông thôn,1108
Sơn La,2022,Nông thôn,1118
Sơn La,2023,Nông thôn,1128
Sơn La,2024,Nông thôn,1139
Hòa Bình,2019,Thành thị,135
Hòa Bình,2020,Thành thị,205
Hòa Bình,2021,Thành thị,209
Hòa Bình,2022,Thành thị,223
Hòa Bình,2023,Thành thị,226
Hòa Bình,2024,Thành thị,234
Hòa Bình,2019,Nông thôn,721
Hòa Bình,2020,Nông thôn,656
Hòa Bình,2021,Nông thôn,663
Hòa Bình,2022,Nông thôn,653
Hòa Bình,2023,Nông thôn,654
Hòa Bình,2024,Nông thôn,660
Thanh Hóa,2019,Thành thị,547
Thanh Hóa,2020,Thành thị,853
Thanh Hóa,2021,Thành thị,993
Thanh Hóa,2022,Thành thị,1030
Thanh Hóa,2023,Thành thị,1036
Thanh Hóa,2024,Thành thị,1058
Thanh Hóa,2019,Nông thôn,3099
Thanh Hóa,2020,Nông thôn,2812
Thanh Hóa,2021,Nông thôn,2723
Thanh Hóa,2022,Nông thôn,2692
Thanh Hóa,2023,Nông thôn,2703
Thanh Hóa,2024,Nông thôn,2706
Nghệ An,2019,Thành thị,490
Nghệ An,2020,Thành thị,522
Nghệ An,2021,Thành thị,529
Nghệ An,2022,Thành thị,530
Nghệ An,2023,Thành thị,540
Nghệ An,2024,Thành thị,546
Nghệ An,2019,Nông thôn,2847
Nghệ An,2020,Nông thôn,2844
Nghệ An,2021,Nông thôn,2880
Nghệ An,2022,Nông thôn,2890
Nghệ An,2023,Nông thôn,2902
Nghệ An,2024,Nông thôn,2926
Hà Tĩnh,2019,Thành thị,254
Hà Tĩnh,2020,Thành thị,288
Hà Tĩnh,2021,Thành thị,293
Hà Tĩnh,2022,Thành thị,294
Hà Tĩnh,2023,Thành thị,298
Hà Tĩnh,2024,Thành thị,300
Hà Tĩnh,2019,Nông thôn,1036
Hà Tĩnh,2020,Nông thôn,1009
Hà Tĩnh,2021,Nông thôn,1021
Hà Tĩnh,2022,Nông thôn,1024
Hà Tĩnh,2023,Nông thôn,1026
Hà Tĩnh,2024,Nông thôn,1029
Quảng Bình,2019,Thành thị,188
Quảng Bình,2020,Thành thị,207
Quảng Bình,2021,Thành thị,210
Quảng Bình,2022,Thành thị,212
Quảng Bình,2023,Thành thị,215
Quảng Bình,2024,Thành thị,217
Quảng Bình,2019,Nông thôn,708
Quảng Bình,2020,Nông thôn,695
Quảng Bình,2021,Nông thôn,701
Quảng Bình,2022,Nông thôn,702
Quảng Bình,2023,Nông thôn,704
Quảng Bình,2024,Nông thôn,708
Quảng Trị,2019,Thành thị,196
Quảng Trị,2020,Thành thị,207
Quảng Trị,2021,Thành thị,211
Quảng Trị,2022,Thành thị,213
Quảng Trị,2023,Thành thị,214
Quảng Trị,2024,Thành thị,216
Quảng Trị,2019,Nông thôn,437
Quảng Trị,2020,Nông thôn,431
Quảng Trị,2021,Nông thôn,437
Quảng Trị,2022,Nông thôn,438
Quảng Trị,2023,Nông thôn,440
Quảng Trị,2024,Nông thôn,443
Huế,2019,Thành thị,563
Huế,2020,Thành thị,562
Huế,2021,Thành thị,609
Huế,2022,Thành thị,613
Huế,2023,Thành thị,616
Huế,2024,Thành thị,623
Huế,2019,Nông thôn,566
Huế,2020,Nông thôn,571
Huế,2021,Nông thôn,544
Huế,2022,Nông thôn,547
Huế,2023,Nông thôn,550
Huế,2024,Nông thôn,556
Ðà Nẵng,2019,Thành thị,995
Ðà Nẵng,2020,Thành thị,1020
Ðà Nẵng,2021,Thành thị,1044
Ðà Nẵng,2022,Thành thị,1067
Ðà Nẵng,2023,Thành thị,1091
Ðà Nẵng,2024,Thành thị,1120
Ðà Nẵng,2019,Nông thôn,146
Ðà Nẵng,2020,Nông thôn,149
Ðà Nẵng,2021,Nông thôn,151
Ðà Nẵng,2022,Nông thôn,153
Ðà Nẵng,2023,Nông thôn,154
Ðà Nẵng,2024,Nông thôn,156
Quảng Nam,2019,Thành thị,380
Quảng Nam,2020,Thành thị,396
Quảng Nam,2021,Thành thị,401
Quảng Nam,2022,Thành thị,407
Quảng Nam,2023,Thành thị,469
Quảng Nam,2024,Thành thị,475
Quảng Nam,2019,Nông thôn,1118
Quảng Nam,2020,Nông thôn,1109
Quảng Nam,2021,Nông thôn,1117
Quảng Nam,2022,Nông thôn,1112
Quảng Nam,2023,Nông thôn,1057
Quảng Nam,2024,Nông thôn,1069
Quảng Ngãi,2019,Thành thị,202
Quảng Ngãi,2020,Thành thị,260
Quảng Ngãi,2021,Thành thị,263
Quảng Ngãi,2022,Thành thị,272
Quảng Ngãi,2023,Thành thị,273
Quảng Ngãi,2024,Thành thị,281
Quảng Ngãi,2019,Nông thôn,1030
Quảng Ngãi,2020,Nông thôn,973
Quảng Ngãi,2021,Nông thôn,981
Quảng Ngãi,2022,Nông thôn,973
Quảng Ngãi,2023,Nông thôn,975
Quảng Ngãi,2024,Nông thôn,979
Bình Ðịnh,2019,Thành thị,477
Bình Ðịnh,2020,Thành thị,600
Bình Ðịnh,2021,Thành thị,621
Bình Ðịnh,2022,Thành thị,620
Bình Ðịnh,2023,Thành thị,621
Bình Ðịnh,2024,Thành thị,628
Bình Ðịnh,2019,Nông thôn,1011
Bình Ðịnh,2020,Nông thôn,888
Bình Ðịnh,2021,Nông thôn,888
Bình Ðịnh,2022,Nông thôn,885
Bình Ðịnh,2023,Nông thôn,885
Bình Ðịnh,2024,Nông thôn,891
Phú Yên,2019,Thành thị,251
Phú Yên,2020,Thành thị,286
Phú Yên,2021,Thành thị,286
Phú Yên,2022,Thành thị,287
Phú Yên,2023,Thành thị,287
Phú Yên,2024,Thành thị,292
Phú Yên,2019,Nông thôn,622
Phú Yên,2020,Nông thôn,588
Phú Yên,2021,Nông thôn,589
Phú Yên,2022,Nông thôn,590
Phú Yên,2023,Nông thôn,591
Phú Yên,2024,Nông thôn,593
Khánh Hòa,2019,Thành thị,521
Khánh Hòa,2020,Thành thị,526
Khánh Hòa,2021,Thành thị,529
Khánh Hòa,2022,Thành thị,531
Khánh Hòa,2023,Thành thị,534
Khánh Hòa,2024,Thành thị,538
Khánh Hòa,2019,Nông thôn,712
Khánh Hòa,2020,Nông thôn,715
Khánh Hòa,2021,Nông thôn,719
Khánh Hòa,2022,Nông thôn,723
Khánh Hòa,2023,Nông thôn,726
Khánh Hòa,2024,Nông thôn,731
Ninh Thuận,2019,Thành thị,211
Ninh Thuận,2020,Thành thị,210
Ninh Thuận,2021,Thành thị,211
Ninh Thuận,2022,Thành thị,212
Ninh Thuận,2023,Thành thị,213
Ninh Thuận,2024,Thành thị,222
Ninh Thuận,2019,Nông thôn,380
Ninh Thuận,2020,Nông thôn,384
Ninh Thuận,2021,Nông thôn,385
Ninh Thuận,2022,Nông thôn,386
Ninh Thuận,2023,Nông thôn,388
Ninh Thuận,2024,Nông thôn,391
Bình Thuận,2019,Thành thị,469
Bình Thuận,2020,Thành thị,472
Bình Thuận,2021,Thành thị,480
Bình Thuận,2022,Thành thị,483
Bình Thuận,2023,Thành thị,486
Bình Thuận,2024,Thành thị,489
Bình Thuận,2019,Nông thôn,763
Bình Thuận,2020,Nông thôn,767
Bình Thuận,2021,Nông thôn,766
Bình Thuận,2022,Nông thôn,769
Bình Thuận,2023,Nông thôn,773
Bình Thuận,2024,Nông thôn,777
Kon Tum,2019,Thành thị,174
Kon Tum,2020,Thành thị,182
Kon Tum,2021,Thành thị,185
Kon Tum,2022,Thành thị,189
Kon Tum,2023,Thành thị,192
Kon Tum,2024,Thành thị,195
Kon Tum,2019,Nông thôn,370
Kon Tum,2020,Nông thôn,374
Kon Tum,2021,Nông thôn,384
Kon Tum,2022,Nông thôn,391
Kon Tum,2023,Nông thôn,399
Kon Tum,2024,Nông thôn,407
Gia Lai,2019,Thành thị,440
Gia Lai,2020,Thành thị,447
Gia Lai,2021,Thành thị,459
Gia Lai,2022,Thành thị,467
Gia Lai,2023,Thành thị,475
Gia Lai,2024,Thành thị,483
Gia Lai,2019,Nông thôn,1080
Gia Lai,2020,Nông thôn,1095
Gia Lai,2021,Nông thôn,1111
Gia Lai,2022,Nông thôn,1124
Gia Lai,2023,Nông thôn,1139
Gia Lai,2024,Nông thôn,1152
Ðắk Lắk,2019,Thành thị,463
Ðắk Lắk,2020,Thành thị,466
Ðắk Lắk,2021,Thành thị,474
Ðắk Lắk,2022,Thành thị,478
Ðắk Lắk,2023,Thành thị,502
Ðắk Lắk,2024,Thành thị,508
Ðắk Lắk,2019,Nông thôn,1409
Ðắk Lắk,2020,Nông thôn,1420
Ðắk Lắk,2021,Nông thôn,1435
Ðắk Lắk,2022,Nông thôn,1440
Ðắk Lắk,2023,Nông thôn,1429
Ðắk Lắk,2024,Nông thôn,1438
Ðắk Nông,2019,Thành thị,95
Ðắk Nông,2020,Thành thị,97
Ðắk Nông,2021,Thành thị,108
Ðắk Nông,2022,Thành thị,112
Ðắk Nông,2023,Thành thị,116
Ðắk Nông,2024,Thành thị,120
Ðắk Nông,2019,Nông thôn,530
Ðắk Nông,2020,Nông thôn,540
Ðắk Nông,2021,Nông thôn,556
Ðắk Nông,2022,Nông thôn,558
Ðắk Nông,2023,Nông thôn,566
Ðắk Nông,2024,Nông thôn,576
Lâm Ðồng,2019,Thành thị,509
Lâm Ðồng,2020,Thành thị,514
Lâm Ðồng,2021,Thành thị,519
Lâm Ðồng,2022,Thành thị,524
Lâm Ðồng,2023,Thành thị,530
Lâm Ðồng,2024,Thành thị,540
Lâm Ðồng,2019,Nông thôn,790
Lâm Ðồng,2020,Nông thôn,796
Lâm Ðồng,2021,Nông thôn,803
Lâm Ðồng,2022,Nông thôn,809
Lâm Ðồng,2023,Nông thôn,815
Lâm Ðồng,2024,Nông thôn,822
Bình Phước,2019,Thành thị,238
Bình Phước,2020,Thành thị,243
Bình Phước,2021,Thành thị,248
Bình Phước,2022,Thành thị,304
Bình Phước,2023,Thành thị,307
Bình Phước,2024,Thành thị,313
Bình Phước,2019,Nông thôn,759
Bình Phước,2020,Nông thôn,768
Bình Phước,2021,Nông thôn,777
Bình Phước,2022,Nông thôn,731
Bình Phước,2023,Nông thôn,738
Bình Phước,2024,Nông thôn,749
Tây Ninh,2019,Thành thị,208
Tây Ninh,2020,Thành thị,381
Tây Ninh,2021,Thành thị,383
Tây Ninh,2022,Thành thị,387
Tây Ninh,2023,Thành thị,389
Tây Ninh,2024,Thành thị,392
Tây Ninh,2019,Nông thôn,963
Tây Ninh,2020,Nông thôn,797
Tây Ninh,2021,Nông thôn,799
Tây Ninh,2022,Nông thôn,802
Tây Ninh,2023,Nông thôn,806
Tây Ninh,2024,Nông thôn,811
Bình Dương,2019,Thành thị,1962
Bình Dương,2020,Thành thị,2178
Bình Dương,2021,Thành thị,2190
Bình Dương,2022,Thành thị,2327
Bình Dương,2023,Thành thị,2378
Bình Dương,2024,Thành thị,2464
Bình Dương,2019,Nông thôn,494
Bình Dương,2020,Nông thôn,402
Bình Dương,2021,Nông thôn,407
Bình Dương,2022,Nông thôn,436
Bình Dương,2023,Nông thôn,446
Bình Dương,2024,Nông thôn,406
Ðồng Nai,2019,Thành thị,1372
Ðồng Nai,2020,Thành thị,1407
Ðồng Nai,2021,Thành thị,1419
Ðồng Nai,2022,Thành thị,1470
Ðồng Nai,2023,Thành thị,1498
Ðồng Nai,2024,Thành thị,1527
Ðồng Nai,2019,Nông thôn,1742
Ðồng Nai,2020,Nông thôn,1771
Ðồng Nai,2021,Nông thôn,1750
Ðồng Nai,2022,Nông thôn,1786
Ðồng Nai,2023,Nông thôn,1812
Ðồng Nai,2024,Nông thôn,1839
Bà Rịa - Vũng Tàu,2019,Thành thị,676
Bà Rịa - Vũng Tàu,2020,Thành thị,672
Bà Rịa - Vũng Tàu,2021,Thành thị,687
Bà Rịa - Vũng Tàu,2022,Thành thị,712
Bà Rịa - Vũng Tàu,2023,Thành thị,723
Bà Rịa - Vũng Tàu,2024,Thành thị,742
Bà Rịa - Vũng Tàu,2019,Nông thôn,477
Bà Rịa - Vũng Tàu,2020,Nông thôn,496
Bà Rịa - Vũng Tàu,2021,Nông thôn,489
Bà Rịa - Vũng Tàu,2022,Nông thôn,467
Bà Rịa - Vũng Tàu,2023,Nông thôn,464
Bà Rịa - Vũng Tàu,2024,Nông thôn,453
TP.Hồ Chí Minh,2019,Thành thị,7162
TP.Hồ Chí Minh,2020,Thành thị,7291
TP.Hồ Chí Minh,2021,Thành thị,7240
TP.Hồ Chí Minh,2022,Thành thị,7298
TP.Hồ Chí Minh,2023,Thành thị,7344
TP.Hồ Chí Minh,2024,Thành thị,7429
TP.Hồ Chí Minh,2019,Nông thôn,1877
TP.Hồ Chí Minh,2020,Nông thôn,1937
TP.Hồ Chí Minh,2021,Nông thôn,1927
TP.Hồ Chí Minh,2022,Nông thôn,2092
TP.Hồ Chí Minh,2023,Nông thôn,2113
TP.Hồ Chí Minh,2024,Nông thôn,2115
Long An,2019,Thành thị,272
Long An,2020,Thành thị,313
Long An,2021,Thành thị,316
Long An,2022,Thành thị,319
Long An,2023,Thành thị,321
Long An,2024,Thành thị,327
Long An,2019,Nông thôn,1423
Long An,2020,Nông thôn,1401
Long An,2021,Nông thôn,1409
Long An,2022,Nông thôn,1416
Long An,2023,Nông thôn,1423
Long An,2024,Nông thôn,1429
Tiền Giang,2019,Thành thị,247
Tiền Giang,2020,Thành thị,252
Tiền Giang,2021,Thành thị,254
Tiền Giang,2022,Thành thị,272
Tiền Giang,2023,Thành thị,274
Tiền Giang,2024,Thành thị,303
Tiền Giang,2019,Nông thôn,1519
Tiền Giang,2020,Nông thôn,1521
Tiền Giang,2021,Nông thôn,1526
Tiền Giang,2022,Nông thôn,1513
Tiền Giang,2023,Nông thôn,1517
Tiền Giang,2024,Nông thôn,1494
Bến Tre,2019,Thành thị,126
Bến Tre,2020,Thành thị,127
Bến Tre,2021,Thành thị,128
Bến Tre,2022,Thành thị,133
Bến Tre,2023,Thành thị,170
Bến Tre,2024,Thành thị,175
Bến Tre,2019,Nông thôn,1163
Bến Tre,2020,Nông thôn,1166
Bến Tre,2021,Nông thôn,1167
Bến Tre,2022,Nông thôn,1165
Bến Tre,2023,Nông thôn,1129
Bến Tre,2024,Nông thôn,1132
Trà Vinh,2019,Thành thị,174
Trà Vinh,2020,Thành thị,176
Trà Vinh,2021,Thành thị,178
Trà Vinh,2022,Thành thị,185
Trà Vinh,2023,Thành thị,187
Trà Vinh,2024,Thành thị,189
Trà Vinh,2019,Nông thôn,835
Trà Vinh,2020,Nông thôn,834
Trà Vinh,2021,Nông thôn,840
Trà Vinh,2022,Nông thôn,834
Trà Vinh,2023,Nông thôn,833
Trà Vinh,2024,Nông thôn,835
Vĩnh Long,2019,Thành thị,170
Vĩnh Long,2020,Thành thị,232
Vĩnh Long,2021,Thành thị,234
Vĩnh Long,2022,Thành thị,234
Vĩnh Long,2023,Thành thị,236
Vĩnh Long,2024,Thành thị,238
Vĩnh Long,2019,Nông thôn,853
Vĩnh Long,2020,Nông thôn,791
Vĩnh Long,2021,Nông thôn,795
Vĩnh Long,2022,Nông thôn,795
Vĩnh Long,2023,Nông thôn,794
Vĩnh Long,2024,Nông thôn,799
Ðồng Tháp,2019,Thành thị,305
Ðồng Tháp,2020,Thành thị,306
Ðồng Tháp,2021,Thành thị,323
Ðồng Tháp,2022,Thành thị,324
Ðồng Tháp,2023,Thành thị,326
Ðồng Tháp,2024,Thành thị,329
Ðồng Tháp,2019,Nông thôn,1294
Ðồng Tháp,2020,Nông thôn,1294
Ðồng Tháp,2021,Nông thôn,1278
Ðồng Tháp,2022,Nông thôn,1276
Ðồng Tháp,2023,Nông thôn,1274
Ðồng Tháp,2024,Nông thôn,1273
An Giang,2019,Thành thị,603
An Giang,2020,Thành thị,602
An Giang,2021,Thành thị,646
An Giang,2022,Thành thị,645
An Giang,2023,Thành thị,705
An Giang,2024,Thành thị,706
An Giang,2019,Nông thôn,1305
An Giang,2020,Nông thôn,1303
An Giang,2021,Nông thôn,1263
An Giang,2022,Nông thôn,1261
An Giang,2023,Nông thôn,1201
An Giang,2024,Nông thôn,1206
Kiên Giang,2019,Thành thị,489
Kiên Giang,2020,Thành thị,492
Kiên Giang,2021,Thành thị,504
Kiên Giang,2022,Thành thị,523
Kiên Giang,2023,Thành thị,529
Kiên Giang,2024,Thành thị,527
Kiên Giang,2019,Nông thôn,1235
Kiên Giang,2020,Nông thôn,1237
Kiên Giang,2021,Nông thôn,1248
Kiên Giang,2022,Nông thôn,1229
Kiên Giang,2023,Nông thôn,1227
Kiên Giang,2024,Nông thôn,1239
Cần Thơ,2019,Thành thị,861
Cần Thơ,2020,Thành thị,869
Cần Thơ,2021,Thành thị,877
Cần Thơ,2022,Thành thị,883
Cần Thơ,2023,Thành thị,888
Cần Thơ,2024,Thành thị,899
Cần Thơ,2019,Nông thôn,375
Cần Thơ,2020,Nông thôn,372
Cần Thơ,2021,Nông thôn,370
Cần Thơ,2022,Nông thôn,369
Cần Thơ,2023,Nông thôn,371
Cần Thơ,2024,Nông thôn,373
Hậu Giang,2019,Thành thị,198
Hậu Giang,2020,Thành thị,204
Hậu Giang,2021,Thành thị,213
Hậu Giang,2022,Thành thị,205
Hậu Giang,2023,Thành thị,205
Hậu Giang,2024,Thành thị,205
Hậu Giang,2019,Nông thôn,534
Hậu Giang,2020,Nông thôn,526
Hậu Giang,2021,Nông thôn,517
Hậu Giang,2022,Nông thôn,524
Hậu Giang,2023,Nông thôn,524
Hậu Giang,2024,Nông thôn,525
Sóc Trăng,2019,Thành thị,388
Sóc Trăng,2020,Thành thị,387
Sóc Trăng,2021,Thành thị,391
Sóc Trăng,2022,Thành thị,406
Sóc Trăng,2023,Thành thị,406
Sóc Trăng,2024,Thành thị,411
Sóc Trăng,2019,Nông thôn,811
Sóc Trăng,2020,Nông thôn,809
Sóc Trăng,2021,Nông thôn,815
Sóc Trăng,2022,Nông thôn,792
Sóc Trăng,2023,Nông thôn,793
Sóc Trăng,2024,Nông thôn,794
Bạc Liêu,2019,Thành thị,252
Bạc Liêu,2020,Thành thị,254
Bạc Liêu,2021,Thành thị,255
Bạc Liêu,2022,Thành thị,256
Bạc Liêu,2023,Thành thị,257
Bạc Liêu,2024,Thành thị,258
Bạc Liêu,2019,Nông thôn,656
Bạc Liêu,2020,Nông thôn,660
Bạc Liêu,2021,Nông thôn,664
Bạc Liêu,2022,Nông thôn,666
Bạc Liêu,2023,Nông thôn,668
Bạc Liêu,2024,Nông thôn,671
Cà Mau,2019,Thành thị,272
Cà Mau,2020,Thành thị,271
Cà Mau,2021,Thành thị,275
Cà Mau,2022,Thành thị,276
Cà Mau,2023,Thành thị,278
Cà Mau,2024,Thành thị,285
Cà Mau,2019,Nông thôn,923
Cà Mau,2020,Nông thôn,923
Cà Mau,2021,Nông thôn,933
Cà Mau,2022,Nông thôn,932
Cà Mau,2023,Nông thôn,929
Cà Mau,2024,Nông thôn,927
